"cities_hosted","no_of_times_city_hosted","count_of_cities_hosted_ipl_match"
"Bangalore","65","33"
"Jaipur","47","33"
"Nagpur","3","33"
"Raipur","6","33"
"Kimberley","3","33"
"Ranchi","7","33"
"Sharjah","12","33"
"Dubai","26","33"
"Bloemfontein","2","33"
"Bengaluru","15","33"
"Mumbai","101","33"
"Chandigarh","56","33"
"Ahmedabad","12","33"
"Port Elizabeth","7","33"
"Kanpur","4","33"
"Indore","9","33"
"Chennai","57","33"
"Cuttack","7","33"
"Johannesburg","8","33"
"Abu Dhabi","29","33"
"Cape Town","7","33"
"Pune","38","33"
"East London","3","33"
"Visakhapatnam","13","33"
"NA","13","33"
"Kochi","5","33"
"Dharamsala","9","33"
"Rajkot","10","33"
"Durban","15","33"
"Kolkata","77","33"
"Hyderabad","64","33"
"Centurion","12","33"
"Delhi","74","33"
